number,position,positionText,points,grid,laps,status,Driver.driverId,Driver.permanentNumber,Driver.code,Driver.url,Driver.givenName,Driver.familyName,Driver.dateOfBirth,Driver.nationality,Constructor.constructorId,Constructor.url,Constructor.name,Constructor.nationality,Time.millis,Time.time,FastestLap.rank,FastestLap.lap,FastestLap.Time.time
1,1,1,25,3,57,Finished,max_verstappen,33,VER,http://en.wikipedia.org/wiki/Max_Verstappen,Max,Verstappen,1997-09-30,Dutch,red_bull,http://en.wikipedia.org/wiki/Red_Bull_Racing,Red Bull,Austrian,5078241,1:24:38.241,5,50,1:23.498
81,2,2,18,1,57,Finished,piastri,81,PIA,http://en.wikipedia.org/wiki/Oscar_Piastri,Oscar,Piastri,2001-04-06,Australian,mclaren,http://en.wikipedia.org/wiki/McLaren,McLaren,British,5086236,+7.995,1,44,1:22.996
55,3,3,15,7,57,Finished,sainz,55,SAI,http://en.wikipedia.org/wiki/Carlos_Sainz_Jr.,Carlos,Sainz,1994-09-01,Spanish,williams,http://en.wikipedia.org/wiki/Williams_Grand_Prix_Engineering,Williams,British,5100906,+22.665,6,48,1:23.859
4,4,4,12,2,57,Finished,norris,4,NOR,http://en.wikipedia.org/wiki/Lando_Norris,Lando,Norris,1999-11-13,British,mclaren,http://en.wikipedia.org/wiki/McLaren,McLaren,British,5101556,+23.315,2,47,1:23.197
12,5,5,10,5,57,Finished,antonelli,12,ANT,https://en.wikipedia.org/wiki/Andrea_Kimi_Antonelli,Andrea Kimi,Antonelli,2006-08-25,Italian,mercedes,http://en.wikipedia.org/wiki/Mercedes-Benz_in_Formula_One,Mercedes,German,5106558,+28.317,8,55,1:23.955
63,6,6,8,4,57,Finished,russell,63,RUS,http://en.wikipedia.org/wiki/George_Russell_(racing_driver),George,Russell,1998-02-15,British,mercedes,http://en.wikipedia.org/wiki/Mercedes-Benz_in_Formula_One,Mercedes,German,5126840,+48.599,3,56,1:23.198
14,7,7,6,8,57,Finished,alonso,14,ALO,http://en.wikipedia.org/wiki/Fernando_Alonso,Fernando,Alonso,1981-07-29,Spanish,aston_martin,http://en.wikipedia.org/wiki/Aston_Martin_in_Formula_One,Aston Martin,British,5132286,+54.045,7,57,1:23.940
16,8,8,4,10,57,Finished,leclerc,16,LEC,http://en.wikipedia.org/wiki/Charles_Leclerc,Charles,Leclerc,1997-10-16,Monegasque,ferrari,http://en.wikipedia.org/wiki/Scuderia_Ferrari,Ferrari,Italian,5135026,+56.785,13,56,1:24.432
30,9,9,2,12,57,Finished,lawson,30,LAW,http://en.wikipedia.org/wiki/Liam_Lawson,Liam,Lawson,2002-02-11,New Zealander,rb,http://en.wikipedia.org/wiki/RB_Formula_One_Team,RB F1 Team,Italian,5138314,+1:00.073,9,54,1:23.971
22,10,10,1,15,57,Finished,tsunoda,22,TSU,http://en.wikipedia.org/wiki/Yuki_Tsunoda,Yuki,Tsunoda,2000-05-11,Japanese,red_bull,http://en.wikipedia.org/wiki/Red_Bull_Racing,Red Bull,Austrian,5140011,+1:01.770,10,57,1:24.139
23,11,11,0,14,57,Finished,albon,23,ALB,http://en.wikipedia.org/wiki/Alexander_Albon,Alexander,Albon,1996-03-23,Thai,williams,http://en.wikipedia.org/wiki/Williams_Grand_Prix_Engineering,Williams,British,5145172,+1:06.931,11,57,1:24.261
44,12,12,0,17,57,Finished,hamilton,44,HAM,http://en.wikipedia.org/wiki/Lewis_Hamilton,Lewis,Hamilton,1985-01-07,British,ferrari,http://en.wikipedia.org/wiki/Scuderia_Ferrari,Ferrari,Italian,5155971,+1:17.730,14,52,1:24.848
5,13,13,0,19,57,Finished,bortoleto,5,BOR,https://en.wikipedia.org/wiki/Gabriel_Bortoleto,Gabriel,Bortoleto,2004-10-14,Brazilian,sauber,http://en.wikipedia.org/wiki/Sauber_Motorsport,Sauber,Swiss,5163053,+1:24.812,17,54,1:25.233
43,14,14,0,20,56,Lapped,colapinto,43,COL,http://en.wikipedia.org/wiki/Franco_Colapinto,Franco,Colapinto,2003-05-27,Argentine,alpine,http://en.wikipedia.org/wiki/Alpine_F1_Team,Alpine F1 Team,French,5081524,+3.283,19,52,1:25.644
31,15,15,0,16,56,Lapped,ocon,31,OCO,http://en.wikipedia.org/wiki/Esteban_Ocon,Esteban,Ocon,1996-09-17,French,haas,http://en.wikipedia.org/wiki/Haas_F1_Team,Haas F1 Team,American,5082494,+4.253,16,36,1:25.056
10,16,16,0,9,56,Lapped,gasly,10,GAS,http://en.wikipedia.org/wiki/Pierre_Gasly,Pierre,Gasly,1996-02-07,French,alpine,http://en.wikipedia.org/wiki/Alpine_F1_Team,Alpine F1 Team,French,5083182,+4.941,18,54,1:25.376
18,17,17,0,18,55,Retired,stroll,18,STR,http://en.wikipedia.org/wiki/Lance_Stroll,Lance,Stroll,1998-10-29,Canadian,aston_martin,http://en.wikipedia.org/wiki/Aston_Martin_in_Formula_One,Aston Martin,British,5015203,+-1:58:56.962,4,51,1:23.484
6,18,18,0,6,55,Retired,hadjar,6,HAD,https://en.wikipedia.org/wiki/Isack_Hadjar,Isack,Hadjar,2004-09-28,French,rb,http://en.wikipedia.org/wiki/RB_Formula_One_Team,RB F1 Team,Italian,5032324,+-1:59:14.083,12,52,1:24.317
87,19,R,0,13,41,Retired,bearman,87,BEA,http://en.wikipedia.org/wiki/Oliver_Bearman,Oliver,Bearman,2005-05-08,British,haas,http://en.wikipedia.org/wiki/Haas_F1_Team,Haas F1 Team,American,,,15,34,1:24.930
27,20,R,0,11,6,Retired,hulkenberg,27,HUL,http://en.wikipedia.org/wiki/Nico_H%C3%BClkenberg,Nico,HÃ¼lkenberg,1987-08-19,German,sauber,http://en.wikipedia.org/wiki/Sauber_Motorsport,Sauber,Swiss,,,20,5,1:28.139
